Hra / Poznámka,Původní název hry,Název hry,BGG ID,Jazyky,Umístění,Datum přidání,Odkaz
GAME,18 Lilliput,18 Lilliput,,,,1.1.2022,18 Lilliput
GAME,1824 Austria-Hungary,1824 Austria-Hungary,,,,1.1.2022,1824 Austria-Hungary
GAME,18CZ: Počátek železnice v Českých zemích + Bonusové desky,18CZ: Počátek železnice v Českých zemích,,,,1.1.2022,18CZ: Počátek železnice v Českých zemích + Bonusové desky
,,Bonusové desky,,,,,
GAME,1989: Úsvit svobody,1989: Úsvit svobody,,,,1.1.2022,1989: Úsvit svobody
GAME,5 minute dungeon,5 minute dungeon,,,,1.1.2022,5 minute dungeon
GAME,504,504,,,,1.1.2022,504
GAME,6 bere!,6 bere!,,,,1.1.2022,6 bere!
GAME,7 Divů světa,7 Divů světa,,,,1.1.2022,7 Divů světa
GAME,7 Divů světa – DUEL,7 Divů světa – DUEL,,,,1.1.2022,7 Divů světa – DUEL
GAME,7 Divů světa – DUEL Pantheon,7 Divů světa – DUEL Pantheon,,,,1.1.2022,7 Divů světa – DUEL Pantheon
GAME,7 Days of Westerplatte,7 Days of Westerplatte,,,,1.1.2022,7 Days of Westerplatte
GAME,A Song of Ice and Fire – Kickstarter edice,A Song of Ice and Fire,,,,1.1.2022,A Song of Ice and Fire – Kickstarter edice
,,Kickstarter edice,,,,,
GAME,Adrenalin,Adrenalin,,,,1.1.2022,Adrenalin
GAME,Aeon’s End: The New Age,Aeon’s End: The New Age,,,,1.1.2022,Aeon’s End: The New Age
GAME,Afrika,Afrika,,,,1.1.2022,Afrika
GAME,Agricola základ,Agricola,,,,1.1.2022,Agricola základ
,,Rozšíření: Sedláci z blat,,,,,
,,"Rozšíření: Balíčky Č, Ö, X a Z",,,,,
GAME,Airlines Europe,Airlines Europe,,,,1.1.2022,Airlines Europe
GAME,Alhambra,Alhambra,,,,1.1.2022,Alhambra
GAME,Alchymisté základ,Alchymisté,,,,1.1.2022,Alchymisté základ
,,Rozšíření: Královský golem,,,,,
GAME,Anachrony CZ,Anachrony,,CZ,,1.1.2022,Anachrony CZ
GAME,Anachrony ENG,Anachrony ,,ENG,,1.1.2022,Anachrony ENG
,,Exosuit Commander Pack,,,,,
GAME,Andor – Dobrodružné legendy,Andor – Dobrodružné legendy,,,,1.1.2022,Andor – Dobrodružné legendy
GAME,Aquädukt,Aquädukt,,,,1.1.2022,Aquädukt
GAME,Arboretum,Arboretum,,,,1.1.2022,Arboretum
GAME,"Arcadia Quest: Inferno – Kickstarter edice (základ + rozšíření: Poison Dragon, Whole Lotta Lava, Riders)",Arcadia Quest: Inferno,,,,1.1.2022,"Arcadia Quest: Inferno – Kickstarter edice (základ + rozšíření: Poison Dragon, Whole Lotta Lava, Riders)"
,,Kickstarter edice,,,,,
,,"Rozšíření: Poison Dragon, Whole Lotta Lava, Riders",,,,,
GAME,Architekti Západního království,Architekti Západního království,,,,1.1.2022,Architekti Západního království
,,Rozšíření: Rozkvět řemesel,,,,,
GAME,Ark and Noah,Ark and Noah,,,,1.1.2022,Ark and Noah
GAME,Arkham Horror 2. edice,Arkham Horror,,,,1.1.2022,Arkham Horror 2. edice
,,2. edice,,,,,
,,Rozšíření: Dunwich Horror,,,,,
GAME,Arkham Horror 3. edice,Arkham Horror,,,,1.1.2022,Arkham Horror 3. edice
,,3. edice,,,,,
GAME,Arkham Ritual,Arkham Ritual,,,,1.1.2022,Arkham Ritual
GAME,Athéna,Athéna,,,,1.1.2022,Athéna
GAME,Auf Zack!,Auf Zack!,,,,1.1.2022,Auf Zack!
GAME,Auto Farmer,Auto Farmer,,,,1.1.2022,Auto Farmer
GAME,Azul,Azul,,,,1.1.2022,Azul
GAME,Azul: Vitráže Sintry,Azul: Vitráže Sintry,,,,1.1.2022,Azul: Vitráže Sintry
GAME,Baba Jaga,Baba Jaga,,,,1.1.2022,Baba Jaga
GAME,Babylonia,Babylonia,,,,1.1.2022,Babylonia
GAME,Balíkáři,Balíkáři,,,,1.1.2022,Balíkáři
GAME,"Bang! (základ + rozšíření: Divoký západ, Fistful, Město Duchů, Údolí stínů, Zlatá horečka)",Bang!,,,,1.1.2022,"Bang! (základ + rozšíření: Divoký západ, Fistful, Město Duchů, Údolí stínů, Zlatá horečka)"
,,"Rozšíření: Divoký západ, Fistful, Město Duchů, Údolí stínů, Zlatá horečka)",,,,,
GAME,Bang! Duel,Bang! Duel,,,,1.1.2022,Bang! Duel
GAME,Bang! Duel – Odpadlíci,Bang! Duel – Odpadlíci,,,,1.1.2022,Bang! Duel – Odpadlíci
GAME,Bang! Kostková hra,Bang! Kostková hra,,,,1.1.2022,Bang! Kostková hra
GAME,Barbarians: The Invasion,Barbarians: The Invasion,,,,1.1.2022,Barbarians: The Invasion
GAME,Barevná příšerka,Barevná příšerka,,,,1.1.2022,Barevná příšerka
GAME,Barony,Barony,,,,1.1.2022,Barony
GAME,Barrage KS (+ The Leeghwater Project),Barrage,,,,1.1.2022,Barrage KS (+ The Leeghwater Project)
,,Kickstarter edice,,,,,
,,The Leeghwater Project,,,,,
GAME,Batman: Gotham City Chronicles (Kickstarter edice),Batman: Gotham City Chronicles,,,,1.1.2022,Batman: Gotham City Chronicles (Kickstarter edice)
,,Kickstarter edice,,,,,
GAME,Battalia: The Creation,Battalia: The Creation,,,,1.1.2022,Battalia: The Creation
GAME,"Battlestar Galactica: The Board Game CZ (karty jsou v češtině, ale chybí vytištěná pravidla, najdete na ZT)",Battlestar Galactica: The Board Game ,,CZ,,1.1.2022,"Battlestar Galactica: The Board Game CZ (karty jsou v češtině, ale chybí vytištěná pravidla, najdete na ZT)"
,,"karty jsou v češtině, ale chybí vytištěná pravidla, najdete na ZT",,,,,
,,Rozšíření: Daybreak,,,,,
,,Rozšíření: Exodus,,,,,
,,Rozšíření: Pegasus,,,,,
GAME,Bears vs. Babies (základ + rozšíření: NSFW Pack),Bears vs. Babies,,,,1.1.2022,Bears vs. Babies (základ + rozšíření: NSFW Pack)
,,Rozšíření: NSFW Pack,,,,,
GAME,Betrayal at House on the Hill + Upgradekit,Betrayal at House on the Hill + Upgradekit,,,,1.1.2022,Betrayal at House on the Hill + Upgradekit
GAME,Betrayal at House on the Hill: Widow’s Walk,Betrayal at House on the Hill: Widow’s Walk,,,,1.1.2022,Betrayal at House on the Hill: Widow’s Walk
GAME,Běsnění Drákuly,Běsnění Drákuly,,,,1.1.2022,Běsnění Drákuly
GAME,Bios: Genesis – Molekulární boj o vznik života na Zemi,Bios: Genesis – Molekulární boj o vznik života na Zemi,,,,1.1.2022,Bios: Genesis – Molekulární boj o vznik života na Zemi
GAME,Bios: Megafauna,Bios: Megafauna,,,,1.1.2022,Bios: Megafauna
GAME,Blackout: Hong Kong DE,Blackout: Hong Kong ,,DE,,1.1.2022,Blackout: Hong Kong DE
GAME,Blafuj,Blafuj,,,,1.1.2022,Blafuj
GAME,Bloodborne – Karetní hra,Bloodborne – Karetní hra,,,,1.1.2022,Bloodborne – Karetní hra
GAME,Bloodborne: Board Game – Kickstarter,Bloodborne: Board Game,,,,1.1.2022,Bloodborne: Board Game – Kickstarter
,,Kickstarter edice,,,,,
GAME,Blood Rage – Soumrak bohů,Blood Rage – Soumrak bohů,,CZ,,1.1.2022,Blood Rage – Soumrak bohů
,,Rozšíření: Bohové z Asgardu,,,,,
,,Rozšíření: Zaříkávači z Midgardu,,,,,
,,Rozšíření: pro pátého hráče,,,,,
GAME,"Blood Rage – Soumrak bohů – ENG – Kickstarter – extra monstra, Pátý hráč, Bohové z Asgardu",Blood Rage – Soumrak bohů,,ENG ,,1.1.2022,"Blood Rage – Soumrak bohů – ENG – Kickstarter – extra monstra, Pátý hráč, Bohové z Asgardu"
,,"Kickstarter – extra monstra, Pátý hráč, Bohové z Asgardu",,,,,
,Blood Rage – Soumrak bohů – ENG – Rozšíření: Zaříkávači z Midgardu,Rozšíření: Zaříkávači z Midgardu,,,,,
,,Neoprenový Playmat,,,,,
GAME,Boží zboží,Boží zboží,,,,1.1.2022,Boží zboží
GAME,Brass: Birmingham,Brass: Birmingham,,,,1.1.2022,Brass: Birmingham
GAME,Brass: Lancashire,Brass: Lancashire,,,,1.1.2022,Brass: Lancashire
GAME,Břink! Velká podzemní loupež,Břink! Velká podzemní loupež,,,,1.1.2022,Břink! Velká podzemní loupež
GAME,Břink! Ve vesmíru! Velká galaktická loupež,Břink! Ve vesmíru! Velká galaktická loupež,,,,1.1.2022,Břink! Ve vesmíru! Velká galaktická loupež
GAME,Bum Bum Burito,Bum Bum Burito,,,,1.1.2022,Bum Bum Burito
GAME,Bystroočko,Bystroočko,,,,1.1.2022,Bystroočko
GAME,Cacao,Cacao,,,,1.1.2022,Cacao
GAME,Cappuccino,Cappuccino,,,,1.1.2022,Cappuccino
GAME,Captain Sonar,Captain Sonar,,,,1.1.2022,Captain Sonar
,,Rozšíření: Upgrade One,,,,,
GAME,"Carcassonne (základ + rozšíření: Kupci a stavitelé, Opatství a starosta, Princezna a drak, Věž)",Carcassonne,,,,1.1.2022,"Carcassonne (základ + rozšíření: Kupci a stavitelé, Opatství a starosta, Princezna a drak, Věž)"
,,"Rozšíření: Kupci a stavitelé, Opatství a starosta, Princezna a drak, Věž",,,,,
GAME,Carcassonne – Lovci a sběrači,Carcassonne – Lovci a sběrači,,,,1.1.2022,Carcassonne – Lovci a sběrači
GAME,Carcassonne – Safari,Carcassonne – Safari,,,,1.1.2022,Carcassonne – Safari
GAME,Carcassonne – Zlatá horečka,Carcassonne – Zlatá horečka,,,,1.1.2022,Carcassonne – Zlatá horečka
GAME,Cardline: Dinosauři,Cardline: Dinosauři,,,,1.1.2022,Cardline: Dinosauři
GAME,Cardline: Svět zvířat,Cardline: Svět zvířat,,,,1.1.2022,Cardline: Svět zvířat
GAME,Cardline: Světoběžník,Cardline: Světoběžník,,,,1.1.2022,Cardline: Světoběžník
GAME,Cards Against Humanity (UKCZ),Cards Against Humanity,,"CZ, ENG",,1.1.2022,Cards Against Humanity (UKCZ)
GAME,Catan: Big Box (Osadníci z Katanu),Catan: Big Box (Osadníci z Katanu),,,,1.1.2022,Catan: Big Box (Osadníci z Katanu)
GAME,Catan – Osadníci z Katanu,Catan – Osadníci z Katanu,,,,1.1.2022,Catan – Osadníci z Katanu
,,"Rozšíření: Poklady, draci a objevitelé",,,,,
,,Rozšíření: Atlantis,,,,,
,,Rozšíření: Města a rytíři,,,,,
,,Rozšíření: Námořníci,,,,,
GAME,Catan – Osadníci z Katanu – Hra o trůny: Noční hlídka,Catan – Osadníci z Katanu – Hra o trůny: Noční hlídka,,,,1.1.2022,Catan – Osadníci z Katanu – Hra o trůny: Noční hlídka
GAME,Catan – Osadníci z Katanu – Obchod v Evropě,Catan – Osadníci z Katanu – Obchod v Evropě,,,,1.1.2022,Catan – Osadníci z Katanu – Obchod v Evropě
GAME,"Catan – Osadníci z Katanu – Karetní hra pro dva (základ + rozšíření: Barbaři a obchodníci, Politika a intriky, Rytíři a obchodníci a Věda a pokrok",Catan – Osadníci z Katanu – Karetní hra pro dva,,,,1.1.2022,"Catan – Osadníci z Katanu – Karetní hra pro dva (základ + rozšíření: Barbaři a obchodníci, Politika a intriky, Rytíři a obchodníci a Věda a pokrok"
,,"Rozšíření: Barbaři a obchodníci, Politika a intriky, Rytíři a obchodníci a Věda a pokrok",,,,,
GAME,Catan – Osadníci z Katanu – Rychlá karetní hra,Catan – Osadníci z Katanu – Rychlá karetní hra,,,,1.1.2022,Catan – Osadníci z Katanu – Rychlá karetní hra
GAME,Caverna: Sedláci z jeskyní,Caverna: Sedláci z jeskyní,,,,1.1.2022,Caverna: Sedláci z jeskyní
GAME,Caylus,Caylus,,,,1.1.2022,Caylus
GAME,Celestia,Celestia,,,,1.1.2022,Celestia
GAME,Cerebria – The Inside World,Cerebria – The Inside World,,,,1.1.2022,Cerebria – The Inside World
GAME,Cerebria Card game,Cerebria Card game,,,,1.1.2022,Cerebria Card game
GAME,Cesta za štěstím,Cesta za štěstím,,,,1.1.2022,Cesta za štěstím
GAME,Cestou necestou,Cestou necestou,,,,1.1.2022,Cestou necestou
GAME,Ceylon,Ceylon,,,,1.1.2022,Ceylon
GAME,Circadians: First Light KS edition,Circadians: First Light,,,,1.1.2022,Circadians: First Light KS edition
,,Kickstarter edice,,,,,
GAME,Cirkus na kolečkách,Cirkus na kolečkách,,,,1.1.2022,Cirkus na kolečkách
GAME,Citadela,Citadela,,,,1.1.2022,Citadela
GAME,Citadela: De Luxe,Citadela: De Luxe,,,,1.1.2022,Citadela: De Luxe
GAME,Citadela času,Citadela času,,,,1.1.2022,Citadela času
GAME,Clash of Rage KS,Clash of Rage,,,,1.1.2022,Clash of Rage KS
,,Kickstarter edice,,,,,
,,Heroes expansion,,,,,
GAME,Claustrophobia 1643,Claustrophobia 1643,,,,1.1.2022,Claustrophobia 1643
GAME,Cloudspire + rozšíření Portal Seekers a The Griege,Cloudspire,,,,1.1.2022,Cloudspire + rozšíření Portal Seekers a The Griege
,,Rozšíření: Portal Seekers a The Griege,,,,,
GAME,CO2: Second Chance,CO2: Second Chance,,,,1.1.2022,CO2: Second Chance
GAME,Coloma,Coloma,,,,1.1.2022,Coloma
GAME,Coloretto,Coloretto,,,,1.1.2022,Coloretto
GAME,Coloretto Amazonas,Coloretto Amazonas,,,,1.1.2022,Coloretto Amazonas
GAME,Colt Express,Colt Express,,,,1.1.2022,Colt Express
GAME,Cortex Challenge,Cortex Challenge,,,,1.1.2022,Cortex Challenge
GAME,Costa Rica,Costa Rica,,,,1.1.2022,Costa Rica
GAME,Coup: Noční klub,Coup: Noční klub,,,,1.1.2022,Coup: Noční klub
GAME,Court of the Dead: Mourners Call,Court of the Dead: Mourners Call,,,,1.1.2022,Court of the Dead: Mourners Call
GAME,Crash by crash,Crash by crash,,,,1.1.2022,Crash by crash
GAME,Cthulhu: Death May Die ENG – Kickstarted Edice – All-in (půjčovné i záloha podle počtu věcí),Cthulhu: Death May Die ,,ENG,,1.1.2022,Cthulhu: Death May Die ENG – Kickstarted Edice – All-in (půjčovné i záloha podle počtu věcí)
,,Kickstarted Edice – All-in,,,,,
GAME,Cyclades,Cyclades,,,,1.1.2022,Cyclades
,,Rozšíření: Cyclades-Kemet Crossover),,,,,
GAME,Černé historky 1,Černé historky 1,,,,1.1.2022,Černé historky 1
GAME,Černé historky 2,Černé historky 2,,,,1.1.2022,Černé historky 2
GAME,Černé historky 3,Černé historky 3,,,,1.1.2022,Černé historky 3
GAME,Černé historky: Absurdní příběhy,Černé historky: Absurdní příběhy,,,,1.1.2022,Černé historky: Absurdní příběhy
GAME,Černé historky: Bílé historky,Černé historky: Bílé historky,,,,1.1.2022,Černé historky: Bílé historky
GAME,Černé historky: Modré historky,Černé historky: Modré historky,,,,1.1.2022,Černé historky: Modré historky
GAME,Černé historky: Prázdninové příběhy,Černé historky: Prázdninové příběhy,,,,1.1.2022,Černé historky: Prázdninové příběhy
GAME,Černé historky: Příběhy z nemocnice,Černé historky: Příběhy z nemocnice,,,,1.1.2022,Černé historky: Příběhy z nemocnice
GAME,Černé historky: Příběhy ze středověku,Černé historky: Příběhy ze středověku,,,,1.1.2022,Černé historky: Příběhy ze středověku
GAME,Černé historky: Skutečné příběhy,Černé historky: Skutečné příběhy,,,,1.1.2022,Černé historky: Skutečné příběhy
GAME,Černé historky: Zlaté historky,Černé historky: Zlaté historky,,,,1.1.2022,Černé historky: Zlaté historky
GAME,Černé historky: Zločin a sex,Černé historky: Zločin a sex,,,,1.1.2022,Černé historky: Zločin a sex
GAME,Čtveráček,Čtveráček,,,,1.1.2022,Čtveráček
GAME,DAO,DAO,,,,1.1.2022,DAO
GAME,Darjeeling,Darjeeling,,,,1.1.2022,Darjeeling
GAME,Dark Domains,Dark Domains,,,,1.1.2022,Dark Domains
GAME,Dark Souls,Dark Souls,,,,1.1.2022,Dark Souls
,,Rozšíření: Dark Root,,,,,
GAME,Decrypto,Decrypto,,,,1.1.2022,Decrypto
GAME,Dědictví,Dědictví,,,,1.1.2022,Dědictví
GAME,Dejá vu: Fragments of memory,Dejá vu: Fragments of memory,,,,1.1.2022,Dejá vu: Fragments of memory
GAME,Descent: Výpravy do temnot,Descent: Výpravy do temnot,,,,1.1.2022,Descent: Výpravy do temnot
,,Rozšíření: Labyrint skázy,,,,,
,,Rozšíření: Stíny Nerakkalu,,,,,
GAME,Desítka,Desítka,,,,1.1.2022,Desítka
,,Rozšíření,,,,,
GAME,Desítka – Česko,Desítka – Česko,,,,1.1.2022,Desítka – Česko
GAME,Děsnej krvák,Děsnej krvák,,,,1.1.2022,Děsnej krvák
GAME,Detektiv: Po stopách zločinu + Rozšíření: Zločin v L.A,Detektiv: Po stopách zločinu,,,,1.1.2022,Detektiv: Po stopách zločinu + Rozšíření: Zločin v L.A
,,Rozšíření: Zločin v L.A,,,,,
GAME,Detektivní únikovka – Leopold – díl 1. Kyvadlo zesnulých,Detektivní únikovka – Leopold – díl 1. Kyvadlo zesnulých,,,,1.1.2022,Detektivní únikovka – Leopold – díl 1. Kyvadlo zesnulých
GAME,Detektivní únikovka – Leopold – díl 1. Bílý spánek),Detektivní únikovka – Leopold – díl 1. Bílý spánek,,,,1.1.2022,Detektivní únikovka – Leopold – díl 1. Bílý spánek)
GAME,Deus,Deus,,,,1.1.2022,Deus
GAME,Dice Forge,Dice Forge,,,,1.1.2022,Dice Forge
GAME,Dice Settlers,Dice Settlers,,,,1.1.2022,Dice Settlers
GAME,Dice Throne,Dice Throne,,,,1.1.2022,Dice Throne
GAME,Dice Town,Dice Town,,,,1.1.2022,Dice Town
,,Rozšíření: Dice Town – Expansion,,,,,
GAME,Die Holde Isolde,Die Holde Isolde,,,,1.1.2022,Die Holde Isolde
GAME,Die Macher,Die Macher,,,,1.1.2022,Die Macher
GAME,Difference,Difference,,,,1.1.2022,Difference
GAME,Dinosaur Island Deluxe edice,Dinosaur Island Deluxe edice,,,,1.1.2022,Dinosaur Island Deluxe edice
,,Rozšíření: Totally Liquid,,,,,
GAME,Discover: Země neznámé,Discover: Země neznámé,,,,1.1.2022,Discover: Země neznámé
GAME,Disko Švábi,Disko Švábi,,,,1.1.2022,Disko Švábi
GAME,Divočina,Divočina,,,,1.1.2022,Divočina
GAME,Divoký západ,Divoký západ,,,,1.1.2022,Divoký západ
GAME,Divukraj,Divukraj,,,,1.1.2022,Divukraj
GAME,"Dixit + rozšíření: 2,3,4,5,6,7,8,9",Dixit,,,,1.1.2022,"Dixit + rozšíření: 2,3,4,5,6,7,8,9"
,,"Rozšíření: 2,3,4,5,6,7,8,9",,,,,
GAME,Dixit Odyssey,Dixit Odyssey,,,,1.1.2022,Dixit Odyssey
GAME,Doba kamenná,Doba kamenná,,,,1.1.2022,Doba kamenná
,,Rozšíření: Stylově k cíli,,,,,
GAME,Doba kamenná Junior,Doba kamenná Junior,,,,1.1.2022,Doba kamenná Junior
GAME,Dobble,Dobble,,"CZ, ENG",,1.1.2022,Dobble
GAME,Dobble Star Wars,Dobble Star Wars,,,,1.1.2022,Dobble Star Wars
GAME,Dobble Kids,Dobble Kids,,,,1.1.2022,Dobble Kids
GAME,Dobyvatelé vesmíru,Dobyvatelé vesmíru,,,,1.1.2022,Dobyvatelé vesmíru
GAME,Dokonalý pár,Dokonalý pár,,,,1.1.2022,Dokonalý pár
GAME,Dominion,Dominion,,,,1.1.2022,Dominion
GAME,Dominion – Roh hojnosti,Dominion – Roh hojnosti,,,,1.1.2022,Dominion – Roh hojnosti
GAME,Dominion – Temné časy,Dominion – Temné časy,,,,1.1.2022,Dominion – Temné časy
GAME,DOOM,DOOM,,,,1.1.2022,DOOM
GAME,Dorn – Výprava za Bránu Osudu,Dorn – Výprava za Bránu Osudu,,,,1.1.2022,Dorn – Výprava za Bránu Osudu
GAME,Dostihy a sázky,Dostihy a sázky,,,,1.1.2022,Dostihy a sázky
GAME,Dračí srdce,Dračí srdce,,,,1.1.2022,Dračí srdce
GAME,Draftosaurus,Draftosaurus,,,,1.1.2022,Draftosaurus
GAME,Drop It,Drop It,,,,1.1.2022,Drop It
GAME,Duelosaur Island,Duelosaur Island,,,,1.1.2022,Duelosaur Island
GAME,Duch!,Duch!,,,,1.1.2022,Duch!
GAME,Duchová v koupelně,Duchová v koupelně,,,,1.1.2022,Duchová v koupelně
GAME,Duch! – Feztovní vydání,Duch! – Feztovní vydání,,,,1.1.2022,Duch! – Feztovní vydání
GAME,Dune,Dune,,,,1.1.2022,Dune
GAME,Dungeon Fighter + 4 Rozšížení,Dungeon Fighter,,,,1.1.2022,Dungeon Fighter + 4 Rozšížení
,,4 Rozšížení,,,,,
GAME,Dungeonology: the expedition,Dungeonology: the expedition,,,,1.1.2022,Dungeonology: the expedition
,,Rozšíření: Circe,,,,,
GAME,Eclipse: Second Dawn for the Galaxy + World’s Afar Expansion,Eclipse: Second Dawn for the Galaxy,,,,1.1.2022,Eclipse: Second Dawn for the Galaxy + World’s Afar Expansion
,,World’s Afar Expansion,,,,,
GAME,Eclipse – Playmat,Eclipse – Playmat,,,,1.1.2022,Eclipse – Playmat
GAME,Eldritch Horror,Eldritch Horror,,,,1.1.2022,Eldritch Horror
GAME,Empatia,Empatia,,,,1.1.2022,Empatia
GAME,Empires of the Void II,Empires of the Void II,,,,1.1.2022,Empires of the Void II
GAME,Enclave,Enclave,,,,1.1.2022,Enclave
GAME,Enigma,Enigma,,,,1.1.2022,Enigma
GAME,Endeavor: Age of Sail,Endeavor: Age of Sail,,,,1.1.2022,Endeavor: Age of Sail
GAME,Endogenesis,Endogenesis,,,,1.1.2022,Endogenesis
GAME,envyra,envyra,,,,1.1.2022,envyra
GAME,Escape: Big Box,Escape: Big Box,,,,1.1.2022,Escape: Big Box
GAME,Escape Plan,Escape Plan,,,,1.1.2022,Escape Plan
GAME,Escape Room 2,Escape Room 2,,,,1.1.2022,Escape Room 2
GAME,Ethnos,Ethnos,,,,1.1.2022,Ethnos
GAME,Euphoria: Cestou k lepší dystopii,Euphoria: Cestou k lepší dystopii,,,,1.1.2022,Euphoria: Cestou k lepší dystopii
GAME,Euphrat & Tigris,Euphrat & Tigris,,,,1.1.2022,Euphrat & Tigris
GAME,Everdell Collector’s Edition,Everdell ,,,,1.1.2022,Everdell Collector’s Edition
,,Collector’s Edition,,,,,
GAME,Everdell: Pearlbrook,Everdell: Pearlbrook,,,,1.1.2022,Everdell: Pearlbrook
GAME,Everdell: Spirecrest,Everdell: Spirecrest,,,,1.1.2022,Everdell: Spirecrest
GAME,Everdell: Bellfaire,Everdell: Bellfaire,,,,1.1.2022,Everdell: Bellfaire
GAME,Evoluce: O původu druhů,Evoluce: O původu druhů,,,,1.1.2022,Evoluce: O původu druhů
,,Rozšíření: Čas létat,,,,,
,,Rozšíření: Kontinenty,,,,,
GAME,Evropa – otázky a odpovědi,Evropa – otázky a odpovědi,,,,1.1.2022,Evropa – otázky a odpovědi
GAME,Ex Libris,Ex Libris,,,,1.1.2022,Ex Libris
GAME,Exploding kittens Original Edition,Exploding kittens,,,,1.1.2022,Exploding kittens Original Edition
,,Original Edition,,,,,
,,NSFW deck,,,,,
GAME,Faceless,Faceless,,,,1.1.2022,Faceless
GAME,Factory funner,Factory funner,,,,1.1.2022,Factory funner
GAME,Fallout,Fallout,,,,1.1.2022,Fallout
,,Rozšíření: Nová Kalifornie,,,,,
GAME,Famiglia,Famiglia,,,,1.1.2022,Famiglia
GAME,Fauna,Fauna,,,,1.1.2022,Fauna
GAME,Fireball Island: The Curse of Vul Kar,Fireball Island: The Curse of Vul Kar,,,,1.1.2022,Fireball Island: The Curse of Vul Kar
,,Rozšíření: Wreck of the Crimson Cutlass,,,,,
,,Rozšíření: Crouching Tiger Hidden Bees,,,,,
,,Rozšíření: The Last Adventurer,,,,,
GAME,Flora,Flora,,,,1.1.2022,Flora
GAME,Food Chain Magnate,Food Chain Magnate,,,,1.1.2022,Food Chain Magnate
,,Rozšíření: The Ketchup Mechanism and Other Ideas,,,,,
GAME,Forbidden Stars – CZ,Forbidden Stars,,CZ,,1.1.2022,Forbidden Stars – CZ
GAME,Fresco: Big Box,Fresco: Big Box,,,,1.1.2022,Fresco: Big Box
GAME,Fuji Koro Deluxe,Fuji Koro Deluxe,,,,1.1.2022,Fuji Koro Deluxe
GAME,Fuji Koro – Playmat,Fuji Koro – Playmat,,,,1.1.2022,Fuji Koro – Playmat
GAME,Fuse + Žoliková kostka,Fuse + Žoliková kostka,,,,1.1.2022,Fuse + Žoliková kostka
GAME,Gaia Project,Gaia Project,,,,1.1.2022,Gaia Project
GAME,"Galaxy Trucker + rozšíření: Mise, Nové lodě, Velké rozšíření a Další velké rozšíření",Galaxy Trucker,,,,1.1.2022,"Galaxy Trucker + rozšíření: Mise, Nové lodě, Velké rozšíření a Další velké rozšíření"
,,"Rozšíření: Mise, Nové lodě, Velké Rozšíření: a Další velké rozšíření",,,,,
GAME,Game of Trains,Game of Trains,,,,1.1.2022,Game of Trains
GAME,Get bit,Get bit,,,,1.1.2022,Get bit
GAME,Ghost Stories,Ghost Stories,,,,1.1.2022,Ghost Stories
,,Rozšíření: White Moon,,,,,
GAME,Glen More II: Chronicles,Glen More II: Chronicles,,,,1.1.2022,Glen More II: Chronicles
GAME,Gobbit,Gobbit,,,,1.1.2022,Gobbit
GAME,God of War,God of War,,,,1.1.2022,God of War
GAME,GOLD,GOLD,,,,1.1.2022,GOLD
GAME,Graenaland,Graenaland,,,,1.1.2022,Graenaland
GAME,Great Western Trail,Great Western Trail,,,,1.1.2022,Great Western Trail
GAME,Greenland,Greenland,,,,1.1.2022,Greenland
GAME,Gugong,Gugong,,,,1.1.2022,Gugong
GAME,Hadara,Hadara,,,,1.1.2022,Hadara
GAME,Halali,Halali,,,,1.1.2022,Halali
GAME,Hanabi,Hanabi,,,,1.1.2022,Hanabi
GAME,Harry Potter: Hogwarts Battle,Harry Potter: Hogwarts Battle,,,,1.1.2022,Harry Potter: Hogwarts Battle
,,Rozšíření: The Monster Box of Monsters,,,,,
GAME,Harry Potter – Kouzelnické šachy,Harry Potter – Kouzelnické šachy,,,,1.1.2022,Harry Potter – Kouzelnické šachy
GAME,HATE!,HATE!,,,,1.1.2022,HATE!
,,Rozšíření: Mother Prophecy,,,,,
,,Rozšíření: Tribe of Vore Nash,,,,,
,,Rozšíření: Tribe of Um’Tull,,,,,
,,Rozšíření: Tribe of Sarrassa,,,,,
,,Rozšíření: Battlegrounds of Hate,,,,,
,,"Rozšíření: 3D Plastic Plateaus, 3D Plastic Huts Expansion, 3D Plastic Trees",,,,,
,,Art Book,,,,,
GAME,Hellboy,Hellboy,,,,1.1.2022,Hellboy
,,Rozšíření: Box Full of Evil,,,,,
GAME,Heroes of Black Reach,Heroes of Black Reach,,,,1.1.2022,Heroes of Black Reach
GAME,Heroes of Tenefyr,Heroes of Tenefyr,,,,1.1.2022,Heroes of Tenefyr
GAME,Hexpanse,Hexpanse,,,,1.1.2022,Hexpanse
GAME,Hlavně klid!,Hlavně klid!,,,,1.1.2022,Hlavně klid!
GAME,Hledá se hrdina,Hledá se hrdina,,,,1.1.2022,Hledá se hrdina
GAME,Honba za prstenem,Honba za prstenem,,,,1.1.2022,Honba za prstenem
GAME,Horký brambor – Junior,Horký brambor – Junior,,,,1.1.2022,Horký brambor – Junior
GAME,Hra o Trůny – Desková hra,Hra o Trůny – Desková hra,,,,1.1.2022,Hra o Trůny – Desková hra
,,Rozšíření: Matka draků,,,,,
GAME,Hra o trůny: Intriky Západozemí,Hra o trůny: Intriky Západozemí,,,,1.1.2022,Hra o trůny: Intriky Západozemí
GAME,Hra o trůny: Železný trůn,Hra o trůny: Železný trůn,,,,1.1.2022,Hra o trůny: Železný trůn
GAME,Hrdina v kostce,Hrdina v kostce,,,,1.1.2022,Hrdina v kostce
GAME,Hrdinové bez záruky,Hrdinové bez záruky,,,,1.1.2022,Hrdinové bez záruky
GAME,Hurá na houby,Hurá na houby,,,,1.1.2022,Hurá na houby
GAME,Hustá mela,Hustá mela,,,,1.1.2022,Hustá mela
GAME,Hyperborea,Hyperborea,,,,1.1.2022,Hyperborea
GAME,Hypergrid,Hypergrid,,,,1.1.2022,Hypergrid
GAME,Champions of midgard,Champions of midgard,,,,1.1.2022,Champions of midgard
,,Rozšíření: Jarl Edition,,,,,
,,Playmat,,,,,
GAME,Chňapni pejska,Chňapni pejska,,,,1.1.2022,Chňapni pejska
GAME,Churchill,Churchill,,,,1.1.2022,Churchill
GAME,Chyť lva,Chyť lva,,,,1.1.2022,Chyť lva
GAME,Icaion,Icaion,,,,1.1.2022,Icaion
GAME,Ice Cool – Ledová škola,Ice Cool – Ledová škola,,,,1.1.2022,Ice Cool – Ledová škola
GAME,Igloo Mania,Igloo Mania,,,,1.1.2022,Igloo Mania
GAME,iKnow,iKnow,,,,1.1.2022,iKnow
GAME,iKnow All in,iKnow All in,,,,1.1.2022,iKnow All in
GAME,iKnow Česko,iKnow Česko,,,,1.1.2022,iKnow Česko
GAME,iKnow Mini Inovace,iKnow Mini Inovace,,,,1.1.2022,iKnow Mini Inovace
GAME,iKnow Mini Lifestyle,iKnow Mini Lifestyle,,,,1.1.2022,iKnow Mini Lifestyle
GAME,iKnow Mini Svět,iKnow Mini Svět,,,,1.1.2022,iKnow Mini Svět
GAME,Indus,Indus,,,,1.1.2022,Indus
GAME,Inis,Inis,,,,1.1.2022,Inis
GAME,Inovace,Inovace,,,,1.1.2022,Inovace
GAME,Insula,Insula,,,,1.1.2022,Insula
GAME,Inuit The Snow Folk,Inuit The Snow Folk,,,,1.1.2022,Inuit The Snow Folk
GAME,Invaders,Invaders,,,,1.1.2022,Invaders
GAME,Istanbul,Istanbul,,,,1.1.2022,Istanbul
GAME,It’s a Wonderful World,It’s a Wonderful World,,,,1.1.2022,It’s a Wonderful World
GAME,Jackall & High,Jackall & High,,,,1.1.2022,Jackall & High
GAME,Jak jako jak?,Jak jako jak?,,,,1.1.2022,Jak jako jak?
GAME,Jedním slovem,Jedním slovem,,,,1.1.2022,Jedním slovem
GAME,Jídlo s.r.o.,Jídlo s.r.o.,,,,1.1.2022,Jídlo s.r.o.
GAME,"Jízdenky, prosím! Evropa","Jízdenky, prosím! Evropa",,,,1.1.2022,"Jízdenky, prosím! Evropa"
GAME,"Jízdenky, prosím! USA","Jízdenky, prosím! USA",,,,1.1.2022,"Jízdenky, prosím! USA"
GAME,Jižní Morava,Jižní Morava,,,,1.1.2022,Jižní Morava
GAME,John Company,John Company,,,,1.1.2022,John Company
GAME,Jungle Speed,Jungle Speed,,,,1.1.2022,Jungle Speed
GAME,Junk Art: Umění odpadu,Junk Art: Umění odpadu,,,,1.1.2022,Junk Art: Umění odpadu
GAME,Kaleidoskop,Kaleidoskop,,,,1.1.2022,Kaleidoskop
GAME,"Kámen, zbraně, papír","Kámen, zbraně, papír",,,,1.1.2022,"Kámen, zbraně, papír"
GAME,Kamionem po Evropě,Kamionem po Evropě,,,,1.1.2022,Kamionem po Evropě
GAME,Kanagawa,Kanagawa,,,,1.1.2022,Kanagawa
GAME,Kanban EV,Kanban EV,,,,1.1.2022,Kanban EV
GAME,Karty mrtvého muže,Karty mrtvého muže,,,,1.1.2022,Karty mrtvého muže
GAME,Katamino,Katamino,,,,1.1.2022,Katamino
GAME,Kde leží Uppsala,Kde leží Uppsala,,,,1.1.2022,Kde leží Uppsala
GAME,Keltis: Cesta kamenů,Keltis: Cesta kamenů,,,,1.1.2022,Keltis: Cesta kamenů
GAME,Kemet,Kemet,,,,1.1.2022,Kemet
GAME,Khronos,Khronos,,,,1.1.2022,Khronos
GAME,Kill the Unicorns,Kill the Unicorns,,,,1.1.2022,Kill the Unicorns
GAME,Kingdom Builder Big Box,Kingdom Builder Big Box,,,,1.1.2022,Kingdom Builder Big Box
GAME,Kingdomino,Kingdomino,,,,1.1.2022,Kingdomino
,,Rozšíření: Věk obrů,,,,,
GAME,Kitchen Rush,Kitchen Rush,,,,1.1.2022,Kitchen Rush
,,Rozšíření: Piece of Cake,,,,,
GAME,Kleine Fotosafari,Kleine Fotosafari,,,,1.1.2022,Kleine Fotosafari
GAME,Klub Ztroskotanců,Klub Ztroskotanců,,,,1.1.2022,Klub Ztroskotanců
GAME,Kmotr: Impérium Corleonů,Kmotr: Impérium Corleonů,,,,1.1.2022,Kmotr: Impérium Corleonů
GAME,Kočičí klub,Kočičí klub,,,,1.1.2022,Kočičí klub
GAME,Kolonie,Kolonie,,,,1.1.2022,Kolonie
GAME,Komu zvoní tramvaj,Komu zvoní tramvaj,,,,1.1.2022,Komu zvoní tramvaj
GAME,Koncept,Koncept,,,,1.1.2022,Koncept
GAME,Korrigans,Korrigans,,,,1.1.2022,Korrigans
GAME,Kostky,Kostky,,,,1.1.2022,Kostky
GAME,Krabčáci,Krabčáci,,,,1.1.2022,Krabčáci
GAME,Královské rošády,Královské rošády,,,,1.1.2022,Královské rošády
GAME,Kronika zločinu – Základ + Noir,Kronika zločinu,,,,1.1.2022,Kronika zločinu – Základ + Noir
,,Noir,,,,,
GAME,Krycí jména,Krycí jména,,,,1.1.2022,Krycí jména
GAME,Krycí jména: Duet,Krycí jména: Duet,,,,1.1.2022,Krycí jména: Duet
GAME,Krycí jména: Obrázky,Krycí jména: Obrázky,,,,1.1.2022,Krycí jména: Obrázky
GAME,Krysí válka,Krysí válka,,,,1.1.2022,Krysí válka
GAME,Kuba,Kuba,,,,1.1.2022,Kuba
GAME,Kvedlalové z Kvedlinburku,Kvedlalové z Kvedlinburku,,,,1.1.2022,Kvedlalové z Kvedlinburku
GAME,Kvízy do kapsy – 2. světová válka,Kvízy do kapsy – 2. světová válka,,,,1.1.2022,Kvízy do kapsy – 2. světová válka
GAME,Kvízy do kapsy – 60. léta,Kvízy do kapsy – 60. léta,,,,1.1.2022,Kvízy do kapsy – 60. léta
GAME,Kvízy do kapsy – 70. léta,Kvízy do kapsy – 70. léta,,,,1.1.2022,Kvízy do kapsy – 70. léta
GAME,Kvízy do kapsy – 80. léta,Kvízy do kapsy – 80. léta,,,,1.1.2022,Kvízy do kapsy – 80. léta
GAME,Kvízy do kapsy – 90. léta,Kvízy do kapsy – 90. léta,,,,1.1.2022,Kvízy do kapsy – 90. léta
GAME,Kvízy do kapsy – Česká města,Kvízy do kapsy – Česká města,,,,1.1.2022,Kvízy do kapsy – Česká města
GAME,Kvízy do kapsy – Filmové hlášky,Kvízy do kapsy – Filmové hlášky,,,,1.1.2022,Kvízy do kapsy – Filmové hlášky
GAME,Kvízy do kapsy – Filmové hlášky II,Kvízy do kapsy – Filmové hlášky II,,,,1.1.2022,Kvízy do kapsy – Filmové hlášky II
GAME,Kvízy do kapsy – Olympijské hry II,Kvízy do kapsy – Olympijské hry II,,,,1.1.2022,Kvízy do kapsy – Olympijské hry II
GAME,Kvízy do kapsy – Svět piva,Kvízy do kapsy – Svět piva,,,,1.1.2022,Kvízy do kapsy – Svět piva
GAME,Kvízy do kapsy – Svět tenisu,Kvízy do kapsy – Svět tenisu,,,,1.1.2022,Kvízy do kapsy – Svět tenisu
GAME,Kvízy do kapsy – Světová historie,Kvízy do kapsy – Světová historie,,,,1.1.2022,Kvízy do kapsy – Světová historie
GAME,Kvízy do kapsy – Světové osobnosti,Kvízy do kapsy – Světové osobnosti,,,,1.1.2022,Kvízy do kapsy – Světové osobnosti
GAME,Kvízy do kapsy – Víno a vinařství,Kvízy do kapsy – Víno a vinařství,,,,1.1.2022,Kvízy do kapsy – Víno a vinařství
GAME,Kyvadlo,Kyvadlo,,,,1.1.2022,Kyvadlo
GAME,Labužníci,Labužníci,,,,1.1.2022,Labužníci
GAME,Lascaux – Lov bez oštěpu,Lascaux – Lov bez oštěpu,,,,1.1.2022,Lascaux – Lov bez oštěpu
GAME,Le Havre,Le Havre,,,,1.1.2022,Le Havre
GAME,Leaving Earth,Leaving Earth,,,,1.1.2022,Leaving Earth
GAME,Legendary Creatures,Legendary Creatures,,,,1.1.2022,Legendary Creatures
GAME,"Legendy Západu + Rozšíření: Hodný, zlý a pohledný a Hrst novinek",Legendy Západu,,,,1.1.2022,"Legendy Západu + Rozšíření: Hodný, zlý a pohledný a Hrst novinek"
,,"Rozšíření: Hodný, zlý a pohledný a Hrst novinek",,,,,
GAME,Legendy země Euthie,Legendy země Euthie,,,,1.1.2022,Legendy země Euthie
GAME,Leo musí ke kadeřníkovi,Leo musí ke kadeřníkovi,,,,1.1.2022,Leo musí ke kadeřníkovi
GAME,Letopisy Západního království,Letopisy Západního království,,,,1.1.2022,Letopisy Západního království
GAME,Letter Jam,Letter Jam,,,,1.1.2022,Letter Jam
GAME,Levá & Pravá,Levá & Pravá,,,,1.1.2022,Levá & Pravá
GAME,Lewis & Clark: Cesta na severozápad,Lewis & Clark: Cesta na severozápad,,,,1.1.2022,Lewis & Clark: Cesta na severozápad
GAME,Lisboa KS edice,Lisboa,,,,1.1.2022,Lisboa KS edice
,,Kickstarter edice,,,,,
GAME,Liška podšitá,Liška podšitá,,,,1.1.2022,Liška podšitá
GAME,Loony Quest,Loony Quest,,,,1.1.2022,Loony Quest
GAME,Lords of Hellas CZ,Lords of Hellas ,,CZ,,1.1.2022,Lords of Hellas CZ
GAME,Lords of Hellas ENG + Warlord box,Lords of Hellas,,ENG ,,1.1.2022,Lords of Hellas ENG + Warlord box
,, Warlord box,,,,,
,,Rozšíření: Terrain Expansion,,,,,
,,Rozšíření: Atlas,,,,,
,,Rozšíření: City of Steel,,,,,
,,Rozšíření: Lords of the sun,,,,,
,,Rozšíření: Kronos rebellion,,,,,
GAME,Lorenzo il Magnifico,Lorenzo il Magnifico,,,,1.1.2022,Lorenzo il Magnifico
GAME,Lotos,Lotos,,,,1.1.2022,Lotos
GAME,Machi Koro (základ + rozšíření: Velkoměsto),Machi Koro,,,,1.1.2022,Machi Koro (základ + rozšíření: Velkoměsto)
,,Rozšíření: Velkoměsto,,,,,
GAME,Mage Knight,Mage Knight,,,,1.1.2022,Mage Knight
GAME,Mage Knight: Ultimátní edice,Mage Knight: Ultimátní edice,,,,1.1.2022,Mage Knight: Ultimátní edice
GAME,Magic The Gathering – Commander Anthology Volume II,Magic The Gathering – Commander Anthology Volume II,,,,1.1.2022,Magic The Gathering – Commander Anthology Volume II
GAME,Majesty,Majesty,,,,1.1.2022,Majesty
GAME,Makroskop,Makroskop,,,,1.1.2022,Makroskop
GAME,Malá velká dobrodružství,Malá velká dobrodružství,,,,1.1.2022,Malá velká dobrodružství
GAME,Malá velká království,Malá velká království,,,,1.1.2022,Malá velká království
,,Rozšíření: Úsvit hrdinů,,,,,
GAME,Malé velké galaxie – základ + Drones,Malé velké galaxie,,,,1.1.2022,Malé velké galaxie – základ + Drones
,,Drones,,,,,
,,Rozšíření: Do neznáma,,,,,
GAME,Malé velké zombie,Malé velké zombie,,,,1.1.2022,Malé velké zombie
GAME,Mamma Mia!,Mamma Mia!,,,,1.1.2022,Mamma Mia!
GAME,Mandala,Mandala,,,,1.1.2022,Mandala
GAME,Mangrovia,Mangrovia,,,,1.1.2022,Mangrovia
GAME,Marco Polo,Marco Polo,,,,1.1.2022,Marco Polo
GAME,Marco Polo II,Marco Polo II,,,,1.1.2022,Marco Polo II
GAME,Mariášky,Mariášky,,,,1.1.2022,Mariášky
GAME,Marrakech,Marrakech,,,,1.1.2022,Marrakech
GAME,Mars Terraformace – základ + Hellas a Elysium a promokarty,Mars Terraformace,,,,1.1.2022,Mars Terraformace – základ + Hellas a Elysium a promokarty
,,Hellas a Elysium a promokarty,,,,,
,,Rozšíření: Venuše,,,,,
,,Rozšíření: Předehra,,,,,
,,Rozšíření: Kolonie,,,,,
,,Rozšíření: Neklid,,,,,
GAME,Marvel Champions: karetní hra,Marvel Champions: karetní hra,,,,1.1.2022,Marvel Champions: karetní hra
GAME,Marvel X-Men: Povstání mutantů,Marvel X-Men: Povstání mutantů,,,,1.1.2022,Marvel X-Men: Povstání mutantů
GAME,Masquarade,Masquarade,,,,1.1.2022,Masquarade
GAME,Masques,Masques,,,,1.1.2022,Masques
GAME,Master of Orion,Master of Orion,,,,1.1.2022,Master of Orion
GAME,Masters of Renaissance: Lorenzo Il Magnifico,Masters of Renaissance: Lorenzo Il Magnifico,,,,1.1.2022,Masters of Renaissance: Lorenzo Il Magnifico
GAME,Mazaný lišák,Mazaný lišák,,,,1.1.2022,Mazaný lišák
GAME,Maškarní bál,Maškarní bál,,,,1.1.2022,Maškarní bál
GAME,McJohny’s,McJohny’s,,,,1.1.2022,McJohny’s
GAME,Medvěd Wrr,Medvěd Wrr,,,,1.1.2022,Medvěd Wrr
GAME,Mech vs. Minions,Mech vs. Minions,,,,1.1.2022,Mech vs. Minions
GAME,Memoarrr!,Memoarrr!,,,,1.1.2022,Memoarrr!
GAME,Metal Adventures,Metal Adventures,,,,1.1.2022,Metal Adventures
GAME,Mezi dvěma zámky šíleného krále Ludvíka,Mezi dvěma zámky šíleného krále Ludvíka,,,,1.1.2022,Mezi dvěma zámky šíleného krále Ludvíka
GAME,Mezo,Mezo,,,,1.1.2022,Mezo
GAME,Micromakro: Město zločinu,Micromakro: Město zločinu,,,,1.1.2022,Micromakro: Město zločinu
GAME,Micro Robots,Micro Robots,,,,1.1.2022,Micro Robots
GAME,Milostný dopis,Milostný dopis,,,,1.1.2022,Milostný dopis
GAME,Minutová říše: Legendy,Minutová říše: Legendy,,,,1.1.2022,Minutová říše: Legendy
GAME,Miremarsh – The Boardgame Kickstarted Edice – All-in (půjčovné i záloha podle počtu věcí),Miremarsh – The Boardgame,,,,1.1.2022,Miremarsh – The Boardgame Kickstarted Edice – All-in (půjčovné i záloha podle počtu věcí)
,,Kickstarted Edice – All-in,,,,,
GAME,Mise: Kolonizace,Mise: Kolonizace,,,,1.1.2022,Mise: Kolonizace
GAME,Mnoho Monster,Mnoho Monster,,,,1.1.2022,Mnoho Monster
GAME,Modrá Laguna,Modrá Laguna,,,,1.1.2022,Modrá Laguna
GAME,Moje zlato!,Moje zlato!,,,,1.1.2022,Moje zlato!
GAME,Mombasa,Mombasa,,,,1.1.2022,Mombasa
GAME,Monstrum: Frankensteinovi dědicové,Monstrum: Frankensteinovi dědicové,,,,1.1.2022,Monstrum: Frankensteinovi dědicové
GAME,Monumental,Monumental,,,,1.1.2022,Monumental
,,Rozšíření: The Lost Kingdoms,,,,,
GAME,Moonriser,Moonriser,,,,1.1.2022,Moonriser
GAME,Moonshiners of the Apocalypse,Moonshiners of the Apocalypse,,,,1.1.2022,Moonshiners of the Apocalypse
GAME,Mořeplavci,Mořeplavci,,,,1.1.2022,Mořeplavci
GAME,Moštárna,Moštárna,,,,1.1.2022,Moštárna
GAME,Multiuniversum,Multiuniversum,,,,1.1.2022,Multiuniversum
GAME,"Munchkin – základ + rozšíření: 2, 3, 4, 5, 6, 7 a 8",Munchkin,,,,1.1.2022,"Munchkin – základ + rozšíření: 2, 3, 4, 5, 6, 7 a 8"
,,"Rozšíření: 2, 3, 4, 5, 6, 7 a 8",,,,,
GAME,Munchkin Podzemí,Munchkin Podzemí,,,,1.1.2022,Munchkin Podzemí
GAME,Myrmes,Myrmes,,,,1.1.2022,Myrmes
GAME,Mysterium,Mysterium,,,,1.1.2022,Mysterium
,,Rozšíření: Skrytá znamení,,,,,
GAME,Mysthea,Mysthea,,,,1.1.2022,Mysthea
GAME,Mythic Battles: Pantheon (Kick starter God Pledge),Mythic Battles: Pantheon (Kick starter God Pledge),,,,1.1.2022,Mythic Battles: Pantheon (Kick starter God Pledge)
GAME,Na drátě,Na drátě,,,,1.1.2022,Na drátě
GAME,Na křídlech,Na křídlech,,,,1.1.2022,Na křídlech
GAME,Na prodej,Na prodej,,,,1.1.2022,Na prodej
GAME,Nájezdníci ze severu,Nájezdníci ze severu,,,,1.1.2022,Nájezdníci ze severu
GAME,Nanty Narking,Nanty Narking,,,,1.1.2022,Nanty Narking
GAME,Nanty Playmat,Nanty Playmat,,,,1.1.2022,Nanty Playmat
GAME,Narcos,Narcos,,,,1.1.2022,Narcos
GAME,Neanderthal: Lovci mamutů,Neanderthal: Lovci mamutů,,,,1.1.2022,Neanderthal: Lovci mamutů
GAME,Near and Far,Near and Far,,,,1.1.2022,Near and Far
GAME,Nejsme tu sami (základ + minirozšíření),Nejsme tu sami,,,,1.1.2022,Nejsme tu sami (základ + minirozšíření)
,,Minirozšíření,,,,,
GAME,Nemesis CZ,Nemesis,,"CZ, ENG",,1.1.2022,Nemesis CZ
,,Kickstarted Edice – All-in ,,,,,
GAME,Neobvyklí podezřelí,Neobvyklí podezřelí,,,,1.1.2022,Neobvyklí podezřelí
GAME,Neuroshima Hex 3.0,Neuroshima Hex 3.0,,,,1.1.2022,Neuroshima Hex 3.0
GAME,New York 1901,New York 1901,,,,1.1.2022,New York 1901
GAME,Neta Tanka Deluxe edition,Neta Tanka Deluxe edition,,,,1.1.2022,Neta Tanka Deluxe edition
GAME,Nidavellir,Nidavellir,,,,1.1.2022,Nidavellir
GAME,Nightmare,Nightmare,,,,1.1.2022,Nightmare
GAME,NMBR 9,NMBR 9,,,,1.1.2022,NMBR 9
GAME,Noctiluca,Noctiluca,,,,1.1.2022,Noctiluca
GAME,Notre Dame,Notre Dame,,,,1.1.2022,Notre Dame
GAME,Nyctophobia,Nyctophobia,,,,1.1.2022,Nyctophobia
GAME,Obludárium,Obludárium,,,,1.1.2022,Obludárium
GAME,Off the Rails,Off the Rails,,,,1.1.2022,Off the Rails
GAME,Okanagan: Valley of the Lakes,Okanagan: Valley of the Lakes,,,,1.1.2022,Okanagan: Valley of the Lakes
GAME,Ominoes: Kostky bohů,Ominoes: Kostky bohů,,,,1.1.2022,Ominoes: Kostky bohů
GAME,On Mars,On Mars,,,,1.1.2022,On Mars
GAME,Onirim,Onirim,,,,1.1.2022,Onirim
GAME,Origin: Počátek lidstva,Origin: Počátek lidstva,,,,1.1.2022,Origin: Počátek lidstva
GAME,Ostrov Skye,Ostrov Skye,,,,1.1.2022,Ostrov Skye
GAME,Outlive Kickstarter (Pustina),Outlive (Pustina),,,,1.1.2022,Outlive Kickstarter (Pustina)
,,Kickstarter edice,,,,,
GAME,Ovce: Boj o pastviny,Ovce: Boj o pastviny,,,,1.1.2022,Ovce: Boj o pastviny
GAME,OVO,OVO,,,,1.1.2022,OVO
GAME,Pacific ’42 Admiral,Pacific ’42 Admiral,,,,1.1.2022,Pacific ’42 Admiral
GAME,Paku paku,Paku paku,,,,1.1.2022,Paku paku
GAME,Paladinové Západního království,Paladinové Západního království,,,,1.1.2022,Paladinové Západního království
GAME,Pán prstenů – karetní hra,Pán prstenů – karetní hra,,,,1.1.2022,Pán prstenů – karetní hra
GAME,Pán prstenů: Putování po Středozemi,Pán prstenů: Putování po Středozemi,,,,1.1.2022,Pán prstenů: Putování po Středozemi
GAME,Pandemic,Pandemic,,,,1.1.2022,Pandemic
,,Rozšíření: Laboratoř,,,,,
,,Rozšíření: Nové hrozby,,,,,
,,Rozšíření: Stav ohrožení,,,,,
GAME,Pandemic: Rychlé nasazení,Pandemic: Rychlé nasazení,,,,1.1.2022,Pandemic: Rychlé nasazení
GAME,Pandorum,Pandorum,,,,1.1.2022,Pandorum
GAME,Panovník,Panovník,,,,1.1.2022,Panovník
GAME,Panství hrůzy – základ + Svatyně soumraku,Panství hrůzy,,,,1.1.2022,Panství hrůzy – základ + Svatyně soumraku
,,Svatyně soumraku,,,,,
GAME,Panství hrůzy – Děsivé výpravy,Panství hrůzy – Děsivé výpravy,,,,1.1.2022,Panství hrůzy – Děsivé výpravy
GAME,Pantheon,Pantheon,,,,1.1.2022,Pantheon
GAME,Paranormální detektivové,Paranormální detektivové,,,,1.1.2022,Paranormální detektivové
GAME,Paris,Paris,,,,1.1.2022,Paris
GAME,Parks,Parks,,,,1.1.2022,Parks
,,Playmat,,,,,
GAME,Párty Alias,Párty Alias,,,,1.1.2022,Párty Alias
GAME,"Párty Alias: Hádej, kdo jsi","Párty Alias: Hádej, kdo jsi",,,,1.1.2022,"Párty Alias: Hádej, kdo jsi"
GAME,Párty Alias: Ženy vs muži,Párty Alias: Ženy vs muži,,,,1.1.2022,Párty Alias: Ženy vs muži
GAME,Párty věž,Párty věž,,,,1.1.2022,Párty věž
GAME,Patchwork,Patchwork,,,,1.1.2022,Patchwork
GAME,Pax Renaissance (základ + rozšíření: BGG Promo karty a Rozšíření),Pax Renaissance,,,,1.1.2022,Pax Renaissance (základ + rozšíření: BGG Promo karty a Rozšíření)
,,Rozšíření: BGG Promo karty a Rozšíření,,,,,
GAME,Phantom,Phantom,,,,1.1.2022,Phantom
GAME,Pick & Pack,Pick & Pack,,,,1.1.2022,Pick & Pack
GAME,Pictomania,Pictomania,,,,1.1.2022,Pictomania
GAME,Pikantní kočky,Pikantní kočky,,,,1.1.2022,Pikantní kočky
GAME,Pilíře země,Pilíře země,,,,1.1.2022,Pilíře země
GAME,Pipeline,Pipeline,,,,1.1.2022,Pipeline
GAME,Piráti,Piráti,,,,1.1.2022,Piráti
GAME,Pirátské kostky,Pirátské kostky,,,,1.1.2022,Pirátské kostky
GAME,Pivní hra,Pivní hra,,,,1.1.2022,Pivní hra
GAME,Plague Inc.: The Board Game,Plague Inc.: The Board Game,,,,1.1.2022,Plague Inc.: The Board Game
,,Rozšíření: Armageddon,,,,,
GAME,Planetarium,Planetarium,,,,1.1.2022,Planetarium
,,Rozšíření: Primordial,,,,,
GAME,Plyšová hlídka,Plyšová hlídka,,,,1.1.2022,Plyšová hlídka
GAME,Pocket Dragons,Pocket Dragons,,,,1.1.2022,Pocket Dragons
GAME,Pocket Ops – Deduction and Area Control,Pocket Ops – Deduction and Area Control,,,,1.1.2022,Pocket Ops – Deduction and Area Control
GAME,Podmořská města,Podmořská města,,,,1.1.2022,Podmořská města
GAME,Pohádkáři,Pohádkáři,,,,1.1.2022,Pohádkáři
GAME,Poker,Poker,,,,1.1.2022,Poker
GAME,Policajti,Policajti,,,,1.1.2022,Policajti
GAME,Portal: Nespolečenská hra o sbírání dortů,Portal: Nespolečenská hra o sbírání dortů,,,,1.1.2022,Portal: Nespolečenská hra o sbírání dortů
GAME,Port Royal,Port Royal,,,,1.1.2022,Port Royal
,,Rozšíření: Kontrakt,,,,,
,,Rozšíření: 2,,,,,
GAME,Poslední slovo,Poslední slovo,,,,1.1.2022,Poslední slovo
GAME,Poštovní kurýr,Poštovní kurýr,,,,1.1.2022,Poštovní kurýr
GAME,Potato Man,Potato Man,,,,1.1.2022,Potato Man
GAME,Pozvedněte číše,Pozvedněte číše,,,,1.1.2022,Pozvedněte číše
GAME,Pravěk,Pravěk,,,,1.1.2022,Pravěk
GAME,Praga Caput Regni,Praga Caput Regni,,,,1.1.2022,Praga Caput Regni
GAME,Pekelný stroj: Moriarty vs. Sherlock,Pekelný stroj: Moriarty vs. Sherlock,,,,1.1.2022,Pekelný stroj: Moriarty vs. Sherlock
GAME,Proč kouzelník nečaruje,Proč kouzelník nečaruje,,,,1.1.2022,Proč kouzelník nečaruje
GAME,Proroctví,Proroctví,,,,1.1.2022,Proroctví
,,Rozšíření: Dračí říše,,,,,
,,Rozšíření: Vodní říše,,,,,
GAME,Představ si,Představ si,,,,1.1.2022,Představ si
GAME,Příběhy piráta,Příběhy piráta,,,,1.1.2022,Příběhy piráta
GAME,Příběhy z kostek: Akc,Příběhy z kostek: Akc,,,,1.1.2022,Příběhy z kostek: Akc
GAME,Příběhy z kostek: Doctor Who,Příběhy z kostek: Doctor Who,,,,1.1.2022,Příběhy z kostek: Doctor Who
GAME,Příběhy z kostek: Fantazie,Příběhy z kostek: Fantazie,,,,1.1.2022,Příběhy z kostek: Fantazie
GAME,Příběhy z kostek: Hrdinové,Příběhy z kostek: Hrdinové,,,,1.1.2022,Příběhy z kostek: Hrdinové
GAME,Příběhy z kostek: Looney Tunes,Příběhy z kostek: Looney Tunes,,,,1.1.2022,Příběhy z kostek: Looney Tunes
GAME,Příběhy z kostek: Scooby Doo,Příběhy z kostek: Scooby Doo,,,,1.1.2022,Příběhy z kostek: Scooby Doo
GAME,Příběhy z kostek: Výprav,Příběhy z kostek: Výprav,,,,1.1.2022,Příběhy z kostek: Výprav
GAME,Příběhy z kostek: Záhady,Příběhy z kostek: Záhady,,,,1.1.2022,Příběhy z kostek: Záhady
GAME,Příšerky z podzemí,Příšerky z podzemí,,,,1.1.2022,Příšerky z podzemí
GAME,Puerto Rico,Puerto Rico,,,,1.1.2022,Puerto Rico
GAME,Pulsar 2849,Pulsar 2849,,,,1.1.2022,Pulsar 2849
GAME,Pustina CZ,Pustina ,,CZ,,1.1.2022,Pustina CZ
GAME,Pylos,Pylos,,,,1.1.2022,Pylos
GAME,Quantum,Quantum,,,,1.1.2022,Quantum
GAME,Quarto,Quarto,,,,1.1.2022,Quarto
GAME,QueenDomino,QueenDomino,,,,1.1.2022,QueenDomino
GAME,Queenz,Queenz,,,,1.1.2022,Queenz
GAME,Quiddler,Quiddler,,,,1.1.2022,Quiddler
GAME,Quixo,Quixo,,,,1.1.2022,Quixo
GAME,Quoridor,Quoridor,,,,1.1.2022,Quoridor
GAME,Qwixx de Luxe,Qwixx de Luxe,,,,1.1.2022,Qwixx de Luxe
GAME,Railroad Ink: Azurově modrá edice,Railroad Ink: Azurově modrá edice,,,,1.1.2022,Railroad Ink: Azurově modrá edice
GAME,Railroad Ink: Ohnivě rudá edice,Railroad Ink: Ohnivě rudá edice,,,,1.1.2022,Railroad Ink: Ohnivě rudá edice
GAME,Railways of the World: 10th Anniversary Edition,Railways of the World: 10th Anniversary Edition,,,,1.1.2022,Railways of the World: 10th Anniversary Edition
GAME,Raptor,Raptor,,,,1.1.2022,Raptor
GAME,Reavers of Midgard – KS Edice,Reavers of Midgard,,,,1.1.2022,Reavers of Midgard – KS Edice
,,Kickstarter edice,,,,,
,,Playmat,,,,,
GAME,Red Alert: Space Fleet Warfare,Red Alert: Space Fleet Warfare,,,,1.1.2022,Red Alert: Space Fleet Warfare
,,Rozšíření: Logistics & Space platform escalation pack,,,,,
,,Rozšíření: Vice Admiral FLagship Escalation Pack,,,,,
GAME,Revolver,Revolver,,,,1.1.2022,Revolver
GAME,Reykholt,Reykholt,,,,1.1.2022,Reykholt
GAME,Rise of Tribes,Rise of Tribes,,,,1.1.2022,Rise of Tribes
GAME,Rising Sun CZ,Rising Sun ,,CZ,,1.1.2022,Rising Sun CZ
,,Rozšíření: Nespoutaní bohové,,,,,
,,Rozšíření: Nová monstra,,,,,
,,Rozšíření: Invaze dynastií,,,,,
,,Neoprenový playmat,,,,,
GAME,Rising Sun ENG – Kicktarter,Rising Sun ,,ENG,,1.1.2022,Rising Sun ENG – Kicktarter
,,Kickstarter edice,,,,,
,,Rozšíření: Dynasty Invasion,,,,,
,,Rozšíření: Kami Unbound,,,,,
,,Rozšíření: Monster Pack,,,,,
GAME,Rival Restaurants,Rival Restaurants,,,,1.1.2022,Rival Restaurants
GAME,Rivalové + rozšíření: Nebezpečné okruhy,Rivalové,,,,1.1.2022,Rivalové + rozšíření: Nebezpečné okruhy
,,Rozšíření: Nebezpečné okruhy,,,,,
GAME,River Dragons,River Dragons,,,,1.1.2022,River Dragons
GAME,Robin Hood and the Merry Men,Robin Hood and the Merry Men,,,,1.1.2022,Robin Hood and the Merry Men
GAME,Robinson Crusoe,Robinson Crusoe,,,,1.1.2022,Robinson Crusoe
,,Rozšíření: Záhada ztraceného města,,,,,
GAME,RobotiCS,RobotiCS,,,,1.1.2022,RobotiCS
GAME,Roll for the Galaxy,Roll for the Galaxy,,,,1.1.2022,Roll for the Galaxy
GAME,RONE,RONE,,,,1.1.2022,RONE
GAME,RONE – Race of New Era – rozšíření: Probuzení a Nové síly,RONE – Race of New Era,,,,1.1.2022,RONE – Race of New Era – rozšíření: Probuzení a Nové síly
,,Rozšíření: Probuzení a Nové síly,,,,,
,,Playmat x2 (banerovina),,,,,
,,Playmat x2 (neopren),,,,,
GAME,Room 25,Room 25,,,,1.1.2022,Room 25
GAME,Root CZ,Root ,,CZ,,1.1.2022,Root CZ
,,Rozšíření: Říčního lidu,,,,,
GAME,Root ENG,Root ,,ENG,,1.1.2022,Root ENG
,,Riverfolk expansion,,,,,
GAME,Rune Stones + Rozšíření: Nocturnal Creatures – čekáme na dodání chybějícich komponentů,Rune Stones,,,,1.1.2022,Rune Stones + Rozšíření: Nocturnal Creatures – čekáme na dodání chybějícich komponentů
,,Rozšíření: Nocturnal Creatures – čekáme na dodání chybějícich komponentů,,,,,
GAME,Ruské železnice,Ruské železnice,,,,1.1.2022,Ruské železnice
GAME,Rytíř klouzek,Rytíř klouzek,,,,1.1.2022,Rytíř klouzek
GAME,Říše příšer,Říše příšer,,,,1.1.2022,Říše příšer
GAME,Sabotér (základ + Rozšíření),Sabotér,,,,1.1.2022,Sabotér (základ + Rozšíření)
,,Rozšíření,,,,,
GAME,Sabotér Duel,Sabotér Duel,,,,1.1.2022,Sabotér Duel
GAME,Safari Bar,Safari Bar,,,,1.1.2022,Safari Bar
GAME,Safari Bar: Nové šelmy před barem,Safari Bar: Nové šelmy před barem,,,,1.1.2022,Safari Bar: Nové šelmy před barem
GAME,Sagrada,Sagrada,,,,1.1.2022,Sagrada
GAME,Samarkand,Samarkand,,,,1.1.2022,Samarkand
GAME,Samhain,Samhain,,,,1.1.2022,Samhain
GAME,Samurai Spirit,Samurai Spirit,,,,1.1.2022,Samurai Spirit
GAME,Samurajský meč,Samurajský meč,,,,1.1.2022,Samurajský meč
GAME,San Juan,San Juan,,,,1.1.2022,San Juan
GAME,San Marco,San Marco,,,,1.1.2022,San Marco
GAME,Sanctum,Sanctum,,,,1.1.2022,Sanctum
GAME,Sankt Petersburg,Sankt Petersburg,,,,1.1.2022,Sankt Petersburg
GAME,Scythe + Nová setkání,Scythe,,,,1.1.2022,Scythe + Nová setkání
,,Nová setkání,,,,,
,,Rozšíření: Invaze z dálek,,,,,
,,Rozšíření: Titáni nebes,,,,,
,,Rzšíření: Vzestup Fenrise,,,,,
GAME,Secret Hitler,Secret Hitler,,,,1.1.2022,Secret Hitler
GAME,Sedm Draků,Sedm Draků,,,,1.1.2022,Sedm Draků
GAME,Sejmi jednorožce,Sejmi jednorožce,,,,1.1.2022,Sejmi jednorožce
GAME,Senji,Senji,,,,1.1.2022,Senji
GAME,Settlers: Vládcové severu,Settlers: Vládcové severu,,,,1.1.2022,Settlers: Vládcové severu
GAME,"Settlers: Zrod impéria + rozšíření: Atlantida, Amazon, Aztékové, Proč bychom se nepřátelili a Síla trojice)",Settlers: Zrod impéria,,,,1.1.2022,"Settlers: Zrod impéria + rozšíření: Atlantida, Amazon, Aztékové, Proč bychom se nepřátelili a Síla trojice)"
,,"Rozšíření: Atlantida, Amazon, Aztékové, Proč bychom se nepřátelili a Síla trojice",,,,,
GAME,Shadows: Amsterdam,Shadows: Amsterdam,,,,1.1.2022,Shadows: Amsterdam
GAME,Sherlock Holmes: Trojitá výzva,Sherlock Holmes: Trojitá výzva,,,,1.1.2022,Sherlock Holmes: Trojitá výzva
GAME,Shit Happens,Shit Happens,,,,1.1.2022,Shit Happens
GAME,Shitenno,Shitenno,,,,1.1.2022,Shitenno
GAME,Shogun Big box – čekáme na dodání chybějícich komponentů,Shogun Big box,,,,1.1.2022,Shogun Big box – čekáme na dodání chybějícich komponentů
,,čekáme na dodání chybějícich komponentů,,,,,
GAME,Shuffle Heroes,Shuffle Heroes,,,,1.1.2022,Shuffle Heroes
GAME,SiegeStorm,SiegeStorm,,,,1.1.2022,SiegeStorm
GAME,Sierra West,Sierra West,,,,1.1.2022,Sierra West
GAME,Sid Meier’s Civilization,Sid Meier’s Civilization,,,,1.1.2022,Sid Meier’s Civilization
GAME,Side Effects,Side Effects,,,,1.1.2022,Side Effects
GAME,Skol ty Skoty!,Skol ty Skoty!,,,,1.1.2022,Skol ty Skoty!
GAME,Skulk Hollow,Skulk Hollow,,,,1.1.2022,Skulk Hollow
GAME,Slož to,Slož to,,,,1.1.2022,Slož to
GAME,Small Star Empires,Small Star Empires,,,,1.1.2022,Small Star Empires
GAME,Small World of Warcraft,Small World of Warcraft,,,,1.1.2022,Small World of Warcraft
GAME,Sochy v akci,Sochy v akci,,,,1.1.2022,Sochy v akci
GAME,Sole Mio!,Sole Mio!,,,,1.1.2022,Sole Mio!
GAME,Space Alert (základ + rozšíření: Vzdálené horizonty),Space Alert,,,,1.1.2022,Space Alert (základ + rozšíření: Vzdálené horizonty)
,,Rozšíření: Vzdálené horizonty,,,,,
GAME,Space Race + rozšíření: Interkosmos,Space Race,,,,1.1.2022,Space Race + rozšíření: Interkosmos
,,Rozšíření: Interkosmos,,,,,
GAME,Spiknutí: Království Hlubiny,Spiknutí: Království Hlubiny,,,,1.1.2022,Spiknutí: Království Hlubiny
GAME,Spirit Island,Spirit Island,,,,1.1.2022,Spirit Island
,,Rozšíření: Branch and Claw,,,,,
GAME,Splendor (základ + rozšíření: Města Splendoru),Splendor,,,,1.1.2022,Splendor (základ + rozšíření: Města Splendoru)
,,Rozšíření: Města Splendoru,,,,,
GAME,Splendor Marvel,Splendor Marvel,,,,1.1.2022,Splendor Marvel
GAME,Spoj 5,Spoj 5,,,,1.1.2022,Spoj 5
GAME,StarCraft: The Board Game,StarCraft: The Board Game,,,,1.1.2022,StarCraft: The Board Game
GAME,Star Trek: Ascendancy,Star Trek: Ascendancy,,,,1.1.2022,Star Trek: Ascendancy
GAME,Star Wars Imperium vs. Rebelové,Star Wars Imperium vs. Rebelové,,,,1.1.2022,Star Wars Imperium vs. Rebelové
GAME,Star Wars Rebelie CZ,Star Wars Rebelie ,,CZ,,1.1.2022,Star Wars Rebelie CZ
,,Rozšíření: Rise of the Empire,,,,,
GAME,Star Wars Vnější okraj,Star Wars Vnější okraj,,,,1.1.2022,Star Wars Vnější okraj
GAME,Starcadia Quest ENG – Kickstarted Edice – All-in (půjčovné i záloha podle počtu věcí),Starcadia Quest ,,ENG,,1.1.2022,Starcadia Quest ENG – Kickstarted Edice – All-in (půjčovné i záloha podle počtu věcí)
,,Kickstarted Edice – All-in,,,,,
GAME,Steam Park,Steam Park,,,,1.1.2022,Steam Park
,,Rozšíření: Play Dirty a Robots,,,,,
GAME,Stezky tukanů,Stezky tukanů,,,,1.1.2022,Stezky tukanů
GAME,Stronghold 2. edice CZ,Stronghold  ,,CZ,,1.1.2022,Stronghold 2. edice CZ
,,2. edice,,,,,
GAME,Střelené kachny,Střelené kachny,,,,1.1.2022,Střelené kachny
GAME,Studená válka,Studená válka,,,,1.1.2022,Studená válka
GAME,Suburbia: Collector’s Edition,Suburbia: Collector’s Edition,,,,1.1.2022,Suburbia: Collector’s Edition
GAME,"Summoner Wars (základní sada + rozšíření Mistrovská sada, Zatracení, Žoldnéři)",Summoner Wars,,,,1.1.2022,"Summoner Wars (základní sada + rozšíření Mistrovská sada, Zatracení, Žoldnéři)"
,,"Rozšíření: Mistrovská sada, Zatracení, Žoldnéři",,,,,
GAME,Summoner’s Isle,Summoner’s Isle,,,,1.1.2022,Summoner’s Isle
GAME,Sun-Tzu,Sun-Tzu,,,,1.1.2022,Sun-Tzu
GAME,Superšpión,Superšpión,,,,1.1.2022,Superšpión
GAME,Sushi Go,Sushi Go,,,,1.1.2022,Sushi Go
GAME,System,System,,,,1.1.2022,System
GAME,Šalingrad,Šalingrad,,,,1.1.2022,Šalingrad
GAME,Šerif z Nottinghamu,Šerif z Nottinghamu,,,,1.1.2022,Šerif z Nottinghamu
GAME,Šestiměstí,Šestiměstí,,,,1.1.2022,Šestiměstí
,,Rozšíření: Družina věrných,,,,,
GAME,Šťastný candít,Šťastný candít,,,,1.1.2022,Šťastný candít
GAME,T.I.M.E. Stories,T.I.M.E. Stories,,,,1.1.2022,T.I.M.E. Stories
,,Rozšíření: Proroctví draků,,,,,
,,Rozšíření: Případ Marcy,,,,,
GAME,Tainted Grail: The Fall of Avalon – All-in (půjčení je možné jen do konce karantény),Tainted Grail: The Fall of Avalon,,,,1.1.2022,Tainted Grail: The Fall of Avalon – All-in (půjčení je možné jen do konce karantény)
,,All-in,,,,,
GAME,Tajuplné říše,Tajuplné říše,,,,1.1.2022,Tajuplné říše
GAME,Takenoko,Takenoko,,,,1.1.2022,Takenoko
,,Rozšíření: Panďátka,,,,,
GAME,Talisman,Talisman,,,,1.1.2022,Talisman
,,Rozšíření: Podzemí,,,,,
GAME,Tapestry,Tapestry,,,,1.1.2022,Tapestry
GAME,"Tash-Kalar: Aréna legend + rozšíření: Pekelný oheň, Věčný mráz, Spoutaný čas",Tash-Kalar: Aréna legend,,,,1.1.2022,"Tash-Kalar: Aréna legend + rozšíření: Pekelný oheň, Věčný mráz, Spoutaný čas"
,,"Rozšíření: Pekelný oheň, Věčný mráz, Spoutaný čas",,,,,
GAME,Temné znamení,Temné znamení,,,,1.1.2022,Temné znamení
GAME,Terra Mystica,Terra Mystica,,,,1.1.2022,Terra Mystica
,,Rozšíření: Oheň a led,,,,,
,,Rozšíření: Obchodníci,,,,,
GAME,Teotihuacan: City of Gods,Teotihuacan: City of Gods,,,,1.1.2022,Teotihuacan: City of Gods
,,Rozšíření: Late Preclassic,,,,,
GAME,Thanos Rising,Thanos Rising,,,,1.1.2022,Thanos Rising
GAME,The 7th continent – All-in (půjčení je možné jen do konce karantény),The 7th continent,,,,1.1.2022,The 7th continent – All-in (půjčení je možné jen do konce karantény)
,,All-in,,,,,
GAME,The Castles of Burgundy,The Castles of Burgundy,,,,1.1.2022,The Castles of Burgundy
GAME,The City of Kings,The City of Kings,,,,1.1.2022,The City of Kings
GAME,The Flow of History,The Flow of History,,,,1.1.2022,The Flow of History
GAME,The Gallerist Kickstarter edice,The Gallerist,,,,1.1.2022,The Gallerist Kickstarter edice
,,Kickstarter edice,,,,,
GAME,The Game,The Game,,,,1.1.2022,The Game
GAME,The Island of El Dorado,The Island of El Dorado,,,,1.1.2022,The Island of El Dorado
,,Rozšíření: The Thieves of El Dorado,,,,,
GAME,The Isle of Cats,The Isle of Cats,,,,1.1.2022,The Isle of Cats
,,5 & 6 Player,,,,,
GAME,The Manhattan project Energy Empire,The Manhattan project Energy Empire,,,,1.1.2022,The Manhattan project Energy Empire
GAME,The Mind – Souznění myslí,The Mind – Souznění myslí,,,,1.1.2022,The Mind – Souznění myslí
GAME,The Phantom Society,The Phantom Society,,,,1.1.2022,The Phantom Society
GAME,The Resistance: Avalon,The Resistance: Avalon,,,,1.1.2022,The Resistance: Avalon
GAME,The Towers of Arkhanos,The Towers of Arkhanos,,,,1.1.2022,The Towers of Arkhanos
,,5th player expansion,,,,,
,,Rozšíření: The Dark Tower Expansion,,,,,
GAME,The Waylanders,The Waylanders,,,,1.1.2022,The Waylanders
GAME,Théby,Théby,,,,1.1.2022,Théby
GAME,This War of Mine,This War of Mine,,,,1.1.2022,This War of Mine
,,Rozšíření: Příběhy města sutin,,,,,
GAME,Through the Ages: Příběh civilizace,Through the Ages: Příběh civilizace,,,,1.1.2022,Through the Ages: Příběh civilizace
GAME,Through the Ages: Nový příběh civilizace,Through the Ages: Nový příběh civilizace,,,,1.1.2022,Through the Ages: Nový příběh civilizace
GAME,Ticket to Ride – Evropa,Ticket to Ride – Evropa,,,,1.1.2022,Ticket to Ride – Evropa
GAME,Tikal,Tikal,,,,1.1.2022,Tikal
GAME,"Time of Legends: Joan of Arc (Core Box, Reliquary Box, Super Compendium, Plunder a Compendium)",Time of Legends: Joan of Arc,,,,1.1.2022,"Time of Legends: Joan of Arc (Core Box, Reliquary Box, Super Compendium, Plunder a Compendium)"
,,"Core Box, Reliquary Box, Super Compendium, Plunder a Compendium",,,,,
,,Rozšíření: Apocalypse,,,,,
,,Rozšíření: Siege,,,,,
,,Rozšíření: Legendary Dragon,,,,,
,,Rozšíření: Unleash Hell,,,,,
,,Rozšíření: Village Pack,,,,,
,,Rozšíření: Ars Nova,,,,,
,,Rozšíření: Legendary Battles,,,,,
,,Rozšíření: Joan of Arc: The Role Playing Game,,,,,
,,Rozšíření: Neoprene Playmat,,,,,
,,Rozšíření: Ottoman Army,,,,,
,,Rozšíření: Siege Equipment,,,,,
GAME,Time’s Up! Rodina,Time’s Up! Rodina,,,,1.1.2022,Time’s Up! Rodina
GAME,Timeline: Hudba a film,Timeline: Hudba a film,,,,1.1.2022,Timeline: Hudba a film
GAME,Timeline: Objevy,Timeline: Objevy,,,,1.1.2022,Timeline: Objevy
GAME,Timeline: Pestrá historie,Timeline: Pestrá historie,,,,1.1.2022,Timeline: Pestrá historie
GAME,Timeline: Událost,Timeline: Událost,,,,1.1.2022,Timeline: Událost
GAME,Timeline: Vynálezy,Timeline: Vynálezy,,,,1.1.2022,Timeline: Vynálezy
GAME,Timeline:Slovensko,Timeline:Slovensko,,,,1.1.2022,Timeline:Slovensko
GAME,Timeline: Česko,Timeline: Česko,,,,1.1.2022,Timeline: Česko
GAME,To je otázka!,To je otázka!,,,,1.1.2022,To je otázka!
GAME,Too Many Bones,Too Many Bones,,,,1.1.2022,Too Many Bones
GAME,Továrník,Továrník,,,,1.1.2022,Továrník
GAME,Trickerion: Collector’s Edition,Trickerion: Collector’s Edition,,,,1.1.2022,Trickerion: Collector’s Edition
GAME,Trogdor!! The Board Game,Trogdor!! The Board Game,,,,1.1.2022,Trogdor!! The Board Game
GAME,Troll,Troll,,,,1.1.2022,Troll
GAME,Tsuro of the Seas + rozšíření: Veterans of the Seas,Tsuro of the Seas + rozšíření: Veterans of the Seas,,,,1.1.2022,Tsuro of the Seas + rozšíření: Veterans of the Seas
GAME,Túry Můry,Túry Můry,,,,1.1.2022,Túry Můry
GAME,Tuscany,Tuscany,,,,1.1.2022,Tuscany
GAME,Twilight Imperium 4. edice CZ,Twilight Imperium ,,CZ,,1.1.2022,Twilight Imperium 4. edice CZ
,,4. edice,,,,,
GAME,Tzolk´in: Mayský kalendář – mini rozšíření 1 a 2,Tzolk´in: Mayský kalendář,,,,1.1.2022,Tzolk´in: Mayský kalendář – mini rozšíření 1 a 2
,,mini Rozšíření: 1 a 2,,,,,
,,Rozšíření: Kmeny a proroctví,,,,,
GAME,U-Boot,U-Boot,,,,1.1.2022,U-Boot
GAME,Ubongo,Ubongo,,,,1.1.2022,Ubongo
GAME,Ubongo 3D,Ubongo 3D,,,,1.1.2022,Ubongo 3D
GAME,Ultimate Warriorz,Ultimate Warriorz,,,,1.1.2022,Ultimate Warriorz
GAME,Unlock,Unlock,,,,1.1.2022,Unlock
GAME,"Unstable Unicorns – rozšíření: Apocalypse, Dragon, Rainbow Sprinkles, NSFW Pack",Unstable Unicorns,,,,1.1.2022,"Unstable Unicorns – rozšíření: Apocalypse, Dragon, Rainbow Sprinkles, NSFW Pack"
,,"Rozšíření: Apocalypse, Dragon, Rainbow Sprinkles, NSFW Pack",,,,,
GAME,Under my bed,Under my bed,,,,1.1.2022,Under my bed
GAME,Únikové příběhy – Procitnutí,Únikové příběhy – Procitnutí,,,,1.1.2022,Únikové příběhy – Procitnutí
GAME,Únikovka: Loupež v Benátkách,Únikovka: Loupež v Benátkách,,,,1.1.2022,Únikovka: Loupež v Benátkách
GAME,"Únikovka: Závod s časem,",Únikovka: Závod s časem,,,,1.1.2022,"Únikovka: Závod s časem,"
GAME,Útěk z vězení,Útěk z vězení,,,,1.1.2022,Útěk z vězení
GAME,V hlavní roli,V hlavní roli,,,,1.1.2022,V hlavní roli
GAME,V pasti,V pasti,,,,1.1.2022,V pasti
GAME,Valhalla CZ,Valhalla ,,"CZ, ENG",,1.1.2022,Valhalla CZ
,,KS – Epic box (ENG),,,,,
GAME,Vast: The Crystal Caverns + Miniatures Expansion,Vast: The Crystal Caverns,,,,1.1.2022,Vast: The Crystal Caverns + Miniatures Expansion
,,Miniatures Expansion,,,,,
,,Rozšíření: The Fearsome Foes),,,,,
GAME,Ve jménu krále,Ve jménu krále,,,,1.1.2022,Ve jménu krále
GAME,Ve víru věků,Ve víru věků,,,,1.1.2022,Ve víru věků
GAME,Velbloudí dostihy,Velbloudí dostihy,,,,1.1.2022,Velbloudí dostihy
GAME,Vědomostní pexeso – Zvířecí nej,Vědomostní pexeso – Zvířecí nej,,,,1.1.2022,Vědomostní pexeso – Zvířecí nej
GAME,Velká kniha strašlivých čar,Velká kniha strašlivých čar,,,,1.1.2022,Velká kniha strašlivých čar
GAME,Velryby ničí svět,Velryby ničí svět,,,,1.1.2022,Velryby ničí svět
GAME,Verona,Verona,,,,1.1.2022,Verona
GAME,Veverčáci,Veverčáci,,,,1.1.2022,Veverčáci
GAME,Vikomti Západního Království,Vikomti Západního Království,,,,1.1.2022,Vikomti Západního Království
GAME,Villagers,Villagers,,,,1.1.2022,Villagers
GAME,Vindication,Vindication,,,,1.1.2022,Vindication
GAME,Vinhos Deluxe Kickstarter edice,Vinhos Deluxe,,,,1.1.2022,Vinhos Deluxe Kickstarter edice
,,Kickstarter edice,,,,,
GAME,Vítejte ve svém vysněném domově,Vítejte ve svém vysněném domově,,,,1.1.2022,Vítejte ve svém vysněném domově
GAME,Viticulture,Viticulture,,,,1.1.2022,Viticulture
GAME,Vládce Tokia + postava Rozy Pony,Vládce Tokia,,,,1.1.2022,Vládce Tokia + postava Rozy Pony
,,postava Rozy Pony,,,,,
,,Rozšíření: Ještě silnější,,,,,
GAME,Vládci podzemí,Vládci podzemí,,,,1.1.2022,Vládci podzemí
GAME,Volfyirion,Volfyirion,,,,1.1.2022,Volfyirion
GAME,Voodoo mánie,Voodoo mánie,,,,1.1.2022,Voodoo mánie
GAME,Vše nej,Vše nej,,,,1.1.2022,Vše nej
GAME,Vúdú,Vúdú,,,,1.1.2022,Vúdú
GAME,Vúdú: Nindžové a lidojedi,Vúdú: Nindžové a lidojedi,,,,1.1.2022,Vúdú: Nindžové a lidojedi
GAME,Výbušná koťátka,Výbušná koťátka,,,,1.1.2022,Výbušná koťátka
GAME,Výbušná koťátka – Párty karty,Výbušná koťátka – Párty karty,,,,1.1.2022,Výbušná koťátka – Párty karty
GAME,Výbušná koťátka – Přisprostlá edice,Výbušná koťátka – Přisprostlá edice,,,,1.1.2022,Výbušná koťátka – Přisprostlá edice
GAME,Výbušná koťátka – Implozivní koťátka,Výbušná koťátka – Implozivní koťátka,,,,1.1.2022,Výbušná koťátka – Implozivní koťátka
GAME,Výbušné lektvary,Výbušné lektvary,,,,1.1.2022,Výbušné lektvary
GAME,Vysoké napětí (základ + rozšíření: Benelux/Střední Evropa a Nové elektrárny),Vysoké napětí,,,,1.1.2022,Vysoké napětí (základ + rozšíření: Benelux/Střední Evropa a Nové elektrárny)
,,Rozšíření: Benelux/Střední Evropa a Nové elektrárny,,,,,
GAME,Výzvy přírody – Dinosauři,Výzvy přírody – Dinosauři,,,,1.1.2022,Výzvy přírody – Dinosauři
GAME,Vzhůru do podzemí!,Vzhůru do podzemí!,,,,1.1.2022,Vzhůru do podzemí!
GAME,Vzhůru zpátky do podzemí!,Vzhůru zpátky do podzemí!,,,,1.1.2022,Vzhůru zpátky do podzemí!
GAME,"War of the Ring – 2. edice ENG/CZ (CZ jen karty, CZ pravidla na deskozrout.cz)",War of the Ring,,"CZ, ENG",,1.1.2022,"War of the Ring – 2. edice ENG/CZ (CZ jen karty, CZ pravidla na deskozrout.cz)"
,,2. edice,,,,,
,,"CZ jen karty, CZ pravidla na deskozrout.cz",,,,,
GAME,War of the Worlds: The New Wave KS edice,War of the Worlds: The New Wave,,,,1.1.2022,War of the Worlds: The New Wave KS edice
,,Kickstarter edice,,,,,
,,Playmat,,,,,
GAME,Warcraft,Warcraft,,,,1.1.2022,Warcraft
GAME,Western Legends ENG + Rozšíření Fistful of Extras a The Good the Bad & the Handsome,Western Legends ,,ENG,,1.1.2022,Western Legends ENG + Rozšíření Fistful of Extras a The Good the Bad & the Handsome
,,Rozšíření: Fistful of Extras a The Good the Bad & the Handsome,,,,,
GAME,World of Tanks: Rush,World of Tanks: Rush,,,,1.1.2022,World of Tanks: Rush
GAME,World of Warcraft,World of Warcraft,,,,1.1.2022,World of Warcraft
GAME,X bere!,X bere!,,,,1.1.2022,X bere!
GAME,XCOM: Desková hra,XCOM: Desková hra,,,,1.1.2022,XCOM: Desková hra
GAME,XIA: Legends of a drift + rozšíření: Embers of a Forsaken Star ),XIA: Legends of a drift,,,,1.1.2022,XIA: Legends of a drift + rozšíření: Embers of a Forsaken Star )
,,Rozšíření: Embers of a Forsaken Star,,,,,
GAME,Yggdrasil,Yggdrasil,,,,1.1.2022,Yggdrasil
GAME,Ys,Ys,,,,1.1.2022,Ys
GAME,Yspahan,Yspahan,,,,1.1.2022,Yspahan
GAME,Žabky,Žabky,,,,1.1.2022,Žabky
GAME,Začarovaná věž,Začarovaná věž,,,,1.1.2022,Začarovaná věž
GAME,Zahrada,Zahrada,,,,1.1.2022,Zahrada
GAME,Zachraňte Příšerky!,Zachraňte Příšerky!,,,,1.1.2022,Zachraňte Příšerky!
GAME,Zajíc a želva,Zajíc a želva,,,,1.1.2022,Zajíc a želva
GAME,Zakázaný ostrov,Zakázaný ostrov,,,,1.1.2022,Zakázaný ostrov
GAME,Zakázaná poušť,Zakázaná poušť,,,,1.1.2022,Zakázaná poušť
GAME,Zaklínač,Zaklínač,,,,1.1.2022,Zaklínač
GAME,Záchranáři: Boj s ohněm (základ + rozšíření: 2. podlaží a Velkoměsto),Záchranáři: Boj s ohněm,,,,1.1.2022,Záchranáři: Boj s ohněm (základ + rozšíření: 2. podlaží a Velkoměsto)
,,Rozšíření: 2. podlaží a Velkoměsto,,,,,
GAME,Zámky šíleného krále Ludvíka,Zámky šíleného krále Ludvíka,,,,1.1.2022,Zámky šíleného krále Ludvíka
GAME,Zasni se,Zasni se,,,,1.1.2022,Zasni se
GAME,Země,Země,,,,1.1.2022,Země
GAME,Země: Na cestách,Země: Na cestách,,,,1.1.2022,Země: Na cestách
GAME,Zeměplocha: Ankh-Morpork,Zeměplocha: Ankh-Morpork,,,,1.1.2022,Zeměplocha: Ankh-Morpork
GAME,Zeměplocha: Čarodějky,Zeměplocha: Čarodějky,,,,1.1.2022,Zeměplocha: Čarodějky
GAME,Zeměplocha: Semafory,Zeměplocha: Semafory,,,,1.1.2022,Zeměplocha: Semafory
GAME,Zhanguo,Zhanguo,,,,1.1.2022,Zhanguo
GAME,Zima mrtvých: Cesty osudu,Zima mrtvých: Cesty osudu,,,,1.1.2022,Zima mrtvých: Cesty osudu
,,Rozšíření: Dlouhá noc,,,,,
GAME,Zlaté Česko,Zlaté Česko,,,,1.1.2022,Zlaté Česko
GAME,Změňte osud – Třešňové květy,Změňte osud – Třešňové květy,,,,1.1.2022,Změňte osud – Třešňové květy
GAME,Zombicide: Černý mor CZ,Zombicide: Černý mor ,,CZ,,1.1.2022,Zombicide: Černý mor CZ
,,Rozšíření: Wulfsburg,,,,,
GAME,Zombicide: Green Horde ENG – Kickstarter Edice,Zombicide: Green Horde ,,ENG,,1.1.2022,Zombicide: Green Horde ENG – Kickstarter Edice
,,Kickstarter Edice,,,,,
GAME,Zombicide: Invader ENG – Kickstarted Edice – All-in (půjčovné i záloha podle počtu věcí),Zombicide: Invader ,,ENG,,1.1.2022,Zombicide: Invader ENG – Kickstarted Edice – All-in (půjčovné i záloha podle počtu věcí)
,,Kickstarted Edice – All-in,,,,,
GAME,Zombie Kidz: Evoluce,Zombie Kidz: Evoluce,,,,1.1.2022,Zombie Kidz: Evoluce
GAME,Zombie Teenz: Evoluce,Zombie Teenz: Evoluce,,,,1.1.2022,Zombie Teenz: Evoluce
GAME,Zombie Tsunami,Zombie Tsunami,,,,1.1.2022,Zombie Tsunami
GAME,Zombies vs. Cheerleaders,Zombies vs. Cheerleaders,,,,1.1.2022,Zombies vs. Cheerleaders
GAME,Zooloretto,Zooloretto,,,,1.1.2022,Zooloretto
,,Rozšíření: Boss,,,,,
,,Rozšíření: Exotic,,,,,
,,Rozšíření: XXL,,,,,
GAME,Zpátky do lavic,Zpátky do lavic,,,,1.1.2022,Zpátky do lavic
GAME,Ztracené dědictví: Hvězdný koráb,Ztracené dědictví: Hvězdný koráb,,,,1.1.2022,Ztracené dědictví: Hvězdný koráb
GAME,Ztracené dědictví: Létající zahrada,Ztracené dědictví: Létající zahrada,,,,1.1.2022,Ztracené dědictví: Létající zahrada
GAME,Zvířata na palubě,Zvířata na palubě,,,,1.1.2022,Zvířata na palubě